<?xml version="1.0" encoding="UTF-8" standalone="no"?>
<catalog prefer="public" xmlns="urn:oasis:names:tc:entity:xmlns:xml:catalog">
    <uri id="User Entered Import Resolution" name="https://ogcblocks.org/construction" uri="construction.ttl"/>
    <uri id="User Entered Import Resolution" name="https://ogcblocks.org/cityfurniture" uri="cityfurniture.ttl"/>
    <uri id="User Entered Import Resolution" name="https://ogcblocks.org/pointcloud" uri="pointcloud.ttl"/>
    <uri id="User Entered Import Resolution" name="https://ogcblocks.org/building" uri="building.ttl"/>
    <uri id="User Entered Import Resolution" name="https://ogcblocks.org/bridge" uri="bridge.ttl"/>
    <uri id="User Entered Import Resolution" name="https://ogcblocks.org/CityGML/3.0/waterbody" uri="waterbody.ttl"/>
    <uri id="User Entered Import Resolution" name="https://ogcblocks.org/CityGML/3.0/vegetation" uri="vegetation.ttl"/>
    <uri id="User Entered Import Resolution" name="https://ogcblocks.org/CityGML/3.0/transportation" uri="transportation.ttl"/>
    <uri id="User Entered Import Resolution" name="https://ogcblocks.org/CityGML/3.0/relief" uri="relief.ttl"/>
    <uri id="User Entered Import Resolution" name="https://ogcblocks.org/CityGML/3.0/landuse" uri="landuse.ttl"/>
    <uri id="User Entered Import Resolution" name="https://ogcblocks.org/CityGML/3.0/generics" uri="generics.ttl"/>
    <uri id="User Entered Import Resolution" name="https://ogcblocks.org/CityGML/3.0/dynamizer" uri="dynamizer.ttl"/>
    <uri id="User Entered Import Resolution" name="https://ogcblocks.org/CityGML/3.0/cityobjectgroup" uri="cityobjectgroup.ttl"/>
    <uri id="User Entered Import Resolution" name="https://ogcblocks.org/CityGML/3.0/cityfurniture" uri="cityfurniture.ttl"/>
    <uri id="User Entered Import Resolution" name="https://ogcblocks.org/CityGML/3.0/tunnel" uri="tunnel.ttl"/>
    <uri id="User Entered Import Resolution" name="https://ogcblocks.org/CityGML/3.0/building" uri="building.ttl"/>
    <uri id="User Entered Import Resolution" name="https://ogcblocks.org/CityGML/3.0/bridge" uri="bridge.ttl"/>
    <uri id="User Entered Import Resolution" name="https://ogcblocks.org/CityGML/3.0/appearance" uri="appearance.ttl"/>
    <uri id="User Entered Import Resolution" name="https://ogcblocks.org/CityGML/3.0/core" uri="core.ttl"/>
    <uri id="User Entered Import Resolution" name="https://ogcblocks.org/appearance" uri="appearance.ttl"/>
    <uri id="User Entered Import Resolution" name="https://ogcblocks.org/CityGML/3.0/construction" uri="construction.ttl"/>
    <group id="Folder Repository, directory=, recursive=true, Auto-Update=true, version=2" prefer="public" xml:base=""/>
</catalog>
